Cust_Id,Name,Passport ID,Email address,Date of Birth,Gender,Mobile,Login,password
1,Lesya Coalbran,12-207-3453,lcoalbran0@umn.edu,07-03-2021,Male,818-768-8431,lcoalbran0@sphinn.com,8154SPHOb
2,Townie Lauridsen,77-811-8046,tlauridsen1@miitbeian.gov.cn,9/27/2021,Female,741-722-6785,tlauridsen1@ibm.com,lHL2UWGvOQE
3,Reine Dubble,81-263-0946,rdubble2@xing.com,9/26/2021,Male,487-788-9741,rdubble2@webnode.com,fIupG2JG
4,Henrietta McKeighan,56-711-5490,hmckeighan3@craigslist.org,7/14/2021,Female,462-546-7094,hmckeighan3@edublogs.org,64Eo1E
5,Fredrika Tighe,09-880-9554,ftighe4@bbb.org,07-07-2021,Male,532-927-3713,ftighe4@joomla.org,FLCtKtopcj
6,Harwell Wringe,04-834-5681,hwringe5@sitemeter.com,04-10-2021,Female,215-953-4987,hwringe5@psu.edu,aFBR3uqkuI
7,Mattias Groves,79-766-5117,mgroves6@trellian.com,10-03-2021,Male,138-807-7855,mgroves6@amazon.co.jp,1K0xkmcTpEd
8,Dwain Dronsfield,08-877-8064,ddronsfield7@huffingtonpost.com,07-11-2021,Female,889-913-5668,ddronsfield7@upenn.edu,nDBAIwYz
9,Marrilee Manssuer,23-665-8411,mmanssuer8@wikipedia.org,11-12-2021,Male,150-694-3205,mmanssuer8@fda.gov,DAlMJNIc
10,Berrie Pfiffer,61-557-6267,bpfiffer9@uiuc.edu,7/28/2021,Female,480-517-0858,bpfiffer9@163.com,cLXx00Ij
11,Salem Blackly,36-952-5639,sblacklya@hhs.gov,08-02-2021,Male,982-430-8107,sblacklya@networksolutions.com,bXRlLzw3ICAd
12,Dolly Heaselgrave,16-488-4843,dheaselgraveb@people.com.cn,01-03-2022,Female,666-745-5225,dheaselgraveb@mozilla.com,nR8dDEizc
13,Keely Litchmore,78-279-2053,klitchmorec@cnet.com,01-08-2022,Male,539-200-0747,klitchmorec@nhs.uk,5MSxgOl3zEl
14,Katti Halfhyde,23-415-7293,khalfhyded@dagondesign.com,10-08-2021,Female,742-175-1899,khalfhyded@cyberchimps.com,YC2uq4I8iS9N
15,Onfre Ebertz,76-246-2673,oebertze@indiatimes.com,7/28/2021,Male,110-550-1669,oebertze@etsy.com,9xULSSiol1dY
16,Cyndy O'Codihie,90-137-2567,cocodihief@miibeian.gov.cn,04-03-2021,Female,383-666-2214,cocodihief@google.com.hk,GvOI9qsg3
17,Susann Lapree,87-389-7307,slapreeg@google.pl,04-10-2021,Male,278-799-1602,slapreeg@addtoany.com,Q1XE1ji7u1M9
18,Cosette Gilford,95-737-5334,cgilfordh@bloglovin.com,9/30/2021,Female,273-831-9544,cgilfordh@google.co.uk,YzdZHUha
19,Jazmin Vasile,40-264-7901,jvasilei@dot.gov,08-11-2021,Male,465-952-4691,jvasilei@businesswire.com,5WBmOE1kV
20,Gerardo Costi,17-271-0287,gcostij@arstechnica.com,10/14/2021,Female,304-900-6525,gcostij@toplist.cz,2XEFvpnRcT
21,Mikel Dewar,04-254-9510,mdewark@ucla.edu,09-12-2021,Male,669-746-2978,mdewark@marketwatch.com,ZYaOhjman
22,Andriana Alywen,54-227-1317,aalywenl@bloglines.com,10/29/2021,Female,963-661-0420,aalywenl@businesswire.com,ErReGTiy
23,Harp Spadeck,48-061-7202,hspadeckm@scribd.com,9/14/2021,Male,924-130-4610,hspadeckm@dailymotion.com,SG6TfF3
24,Lida Barkshire,47-929-3704,lbarkshiren@msu.edu,12-02-2021,Female,142-543-7330,lbarkshiren@1688.com,B7hTeulR
25,Emmalynne Trunkfield,19-363-6983,etrunkfieldo@gnu.org,7/30/2021,Male,776-443-5251,etrunkfieldo@imdb.com,Dlg5ssQZ
26,Mathew Felderer,00-854-4964,mfeldererp@aboutads.info,7/26/2021,Female,472-387-9643,mfeldererp@hostgator.com,iGz4EwI
27,Chandra Tildesley,84-828-4150,ctildesleyq@theguardian.com,06-05-2021,Male,789-681-7951,ctildesleyq@tumblr.com,1nvptkd
28,Cammie Mingaye,63-808-4481,cmingayer@harvard.edu,2/24/2021,Female,650-509-1472,cmingayer@amazon.co.uk,e6g2aeUVEB
29,Prudence Bunn,47-439-4370,pbunns@tamu.edu,6/21/2021,Male,419-372-1294,pbunns@state.gov,9TKUmIyWd
30,Brandon Squibbs,45-974-2076,bsquibbst@dot.gov,12-02-2021,Female,350-297-1895,bsquibbst@baidu.com,Yq9mUa1i
31,Kaiser Ghiriardelli,06-160-6296,kghiriardelliu@jimdo.com,1/16/2022,Male,489-376-2668,kghiriardelliu@ca.gov,G8aa5AX
32,Adriano Klampt,49-494-7260,aklamptv@admin.ch,05-07-2021,Female,323-653-1035,aklamptv@dagondesign.com,S5ZqyI
33,Timofei Bartles,29-483-4513,tbartlesw@tiny.cc,5/26/2021,Male,950-359-4770,tbartlesw@opensource.org,BrE4hfaM
34,Rosaleen Hardi,35-813-4138,rhardix@photobucket.com,10/13/2021,Female,565-804-1449,rhardix@biblegateway.com,SaOQiqH
35,Coreen Edgecumbe,10-408-9758,cedgecumbey@cmu.edu,7/24/2021,Male,365-943-5927,cedgecumbey@webeden.co.uk,Ua3Dys791G
36,Minor Langwade,41-365-1605,mlangwadez@va.gov,5/28/2021,Female,166-335-7623,mlangwadez@senate.gov,yoqqyV
37,Bernita McFee,18-817-9599,bmcfee10@pinterest.com,12-09-2021,Male,197-326-4024,bmcfee10@php.net,aJyrGSMdjq4
38,Merrie Caws,93-243-5276,mcaws11@mac.com,09-08-2021,Female,662-295-3878,mcaws11@huffingtonpost.com,j9hQquhh
39,Angeline Durrans,17-955-0940,adurrans12@ft.com,5/13/2021,Male,964-224-7095,adurrans12@last.fm,LrxXQSU
40,Quinn Guyet,35-744-4558,qguyet13@ow.ly,8/21/2021,Female,523-108-5265,qguyet13@facebook.com,EfPRzfozL
41,Cleve Jeste,35-724-0580,cjeste14@163.com,03-01-2021,Male,893-367-7523,cjeste14@paginegialle.it,xbAR6lHRUi
42,Onfroi Balling,95-186-7291,oballing15@hud.gov,02-09-2021,Female,504-756-3703,oballing15@hc360.com,0PTuvi
43,Tobi Ellwell,86-623-7471,tellwell16@de.vu,5/27/2021,Male,774-985-5282,tellwell16@salon.com,QqWBC3w
44,Rowney Bakhrushkin,27-792-9488,rbakhrushkin17@webeden.co.uk,1/26/2022,Female,817-667-5394,rbakhrushkin17@blogs.com,dbUBewpZPd
45,Kaitlin Duiged,58-921-2819,kduiged18@hostgator.com,10/31/2021,Male,128-184-8171,kduiged18@bigcartel.com,rR3CxR
46,Henrik Storror,72-606-4861,hstorror19@ucla.edu,3/28/2021,Female,667-974-7208,hstorror19@istockphoto.com,lh2sGuDdQg
47,Livvy Maso,95-536-5365,lmaso1a@patch.com,07-09-2021,Male,891-296-5362,lmaso1a@de.vu,9GIfWr
48,Billye Cowdray,84-076-5279,bcowdray1b@last.fm,3/13/2021,Female,739-197-5727,bcowdray1b@php.net,MpzY8yA2y
49,Shauna Tayler,13-891-0613,stayler1c@smugmug.com,4/15/2021,Male,821-953-7140,stayler1c@bloomberg.com,WH51dWEglv
50,Patrizio Baskett,43-899-5207,pbaskett1d@addthis.com,06-04-2021,Female,562-362-8986,pbaskett1d@rediff.com,mGvnv2tVUe
